region,province,speaker,gender,filename,text
North,CaoBang,spk_11_0001,1,North_CaoBang_spk_11_0001_11_0001.wav,"Nghiên cứu học tập,các ứng dụng các khoa học công nghệ và những dụng tiên tiến để đưa vào trong áp dụng trong công việc của mình. Từ đó giúp chuyển đổi những cái khó khăn trong công việc, đưa ra những thuận lợi và những cái nhanh gọn hơn giải quyết các thủ tục hành chính cho được thuận tiện hơn."
North,CaoBang,spk_11_0002,1,North_CaoBang_spk_11_0002_11_0003.wav,"Trong quá trình mình làm việc để quản lý thông tin các vật tư thiết bị của công ty điện lực Cao Bằng, cá nhân tôi cảm thấy phần quản lý vật tư thiết bị còn chưa khoa học, rời rạc, không tập trung, mất nhiều thời gian tìm kiếm để nâng cao hiệu quả công việc, rút ngắn thời gian tìm kiếm, phục vụ công việc, kiểm kê, nhanh chóng, chính xác, an toàn nên tôi đã xây dựng ý tưởng này."
North,CaoBang,spk_11_0003,0,North_CaoBang_spk_11_0003_11_0006.wav,"Em rất là tự hào vì năm đầu tiên em được tham gia Lấy Rương Nước. Qua Lấy Rương Nước là em rất tự hào về giá trị của truyền thống, văn hóa, địa phương."
North,CaoBang,spk_11_0004,0,North_CaoBang_spk_11_0004_11_0007.wav,"Em cảm thấy rất là tự hào và qua cái lễ hội, lễ rước nước này đã giúp cho mọi người cầu một cái mùa màng bội thu. Qua lễ rước nước này em hiểu về những cái giá trị về dân tộc ạ, văn hóa dân tộc ạ. Em cảm thấy lễ nước nước rất là ý nghĩa. Là một tín ngưỡng rất thiêng liêng ạ!"
North,CaoBang,spk_11_0005,1,North_CaoBang_spk_11_0005_11_0008.wav,Năm nay thì Cao Trương tôi thì cũng chuẩn bị những cái đặc sản của địa phương như miến rong này xong gạo nếp thơm với lại cả những cái trang phục truyền thống của quê hương tôi thì đến đây cũng mong muốn là quảng bá sản phẩm quê hương tôi đến với lại cả các anh em thứ nhất là trong huyện với lại cả toàn tỉnh thì các sản phẩm được vươn xa hơn để nhiều du khách biết đến
North,LangSon,spk_12_0001,1,North_LangSon_spk_12_0001_12_0001.wav,"Gia đình tôi có bốn người con, có hai đứa đi lấy chồng nhưng mà đủ tuổi mới đi lấy chồng. Xã được tuyên truyền tảo hôn thì gia đình tôi cho đi lấy chồng. hai mốt, hai hai tuổi mới đi lấy chồng. Gia đình tôi thực hiện đúng theo pháp luật của nhà nước."
North,LangSon,spk_12_0002,0,North_LangSon_spk_12_0002_12_0002.wav,"Trong thời gian qua thì đoàn thanh niên cũng thực hiện về phối hợp cùng các ban ngành về tuyên truyền, về phòng chống tảo hôn cũng như là kết hôn cận huyết thống thì cũng thực hiện trên, triển khai trên các địa bàn thôn Tuy nhiên thì cũng trong thời gian thực hiện cũng có nhiều khó khăn do dân trí ở đây thì cũng một số gia đình còn thấp Thế thì phải cũng phải phối hợp với các ban ngành trực tiếp đi đến những hộ gia đình đấy để thực hiện tuyên truyền mới có hiệu quả"
North,LangSon,spk_12_0003,1,North_LangSon_spk_12_0003_12_0003.wav,"nghiêm theo quy định của pháp luật rồi là gắn với trách nhiệm đối với đặc biệt là cán bộ đảng viên mà có tham gia đám cưới tảo hôn rồi là gia đình có tổ chức thì chắc chắn cũng phải xử lý nghiêm, đặc biệt là theo những cái điều đảng viên không được làm tham gia vào vấn đề là cưới tảo hôn"
North,LangSon,spk_12_0004,1,North_LangSon_spk_12_0004_12_0005.wav,"Tình hình trật tự an toàn giao thông trên địa bàn tỉnh Lạng Sơn nói chung và đặc biệt là trên địa bàn quốc lộ một A đi qua địa bàn Tùng diễn có nhiều điều diễn phức tạp đặc biệt là những cái tháng cuối năm là lưu lượng phương tiện tham gia giao thông khá đông do nhu cầu phát triển kinh tế của người dân nên xe ô tô kinh doanh hành khách, kinh doanh vận tải hành khách và xe ô tô kinh doanh vận tải hàng hóa bằng xe container đã"
North,LangSon,spk_12_0005,1,North_LangSon_spk_12_0005_12_0009.wav,qua cái đoạn đường đèo quanh co cua thì trời mưa thì nó sẽ hay sạt lở nhất là đi chậm thì sẽ quan sát được nếu mà sạt lở mình còn tránh qua cái đoạn đấy thì nó cũng cua khá nhiều cua gấp nên là đi chậm nó an toàn hơn
North,QuangNinh,spk_14_0001,1,North_QuangNinh_spk_14_0001_14_0001.wav,Tôi cũng luôn đặt mục tiêu là đi theo hướng sản xuất sản phẩm an toàn. Hiện nay trong năm năm hoạt động thì chúng tôi cũng đã được cấp hai chứng chỉ đó là chứng chỉ VIETGap và chứng chỉ sản phẩm ocop. Trong sản sản xuất an toàn thì tiêu chí đặt ra hàng đầu là đầu tiên là khâu lựa chọn chủng loại giống và thuốc bởi vì thực vật
North,QuangNinh,spk_14_0002,0,North_QuangNinh_spk_14_0002_14_0002.wav,À thì với nhiệm vụ là cơ quan tham mưu giúp ủy ban nhân dân thành phố thì phòng kinh tế thành phố cũng đã tham mưu cho ủy ban nhân dân thành phố chỉ đạo các phòng ban chuyên môn thực hiện công tác tuyên truyền cho nhân dân trong ứng dụng các khoa học kỹ thuật trong trồng trọt cũng như là thực hiện các mô hình về ứng dụng các quản lý dịch bệnh tổng hợp và IPM ở trên cây rau nhằm nâng cao năng suất sản lượng rau an toàn trong thành phố cũng như là phát triển vùng rau an toàn trên địa bàn.
North,QuangNinh,spk_14_0003,1,North_QuangNinh_spk_14_0003_14_0003.wav,"Đa số những người chưa kích hoạt là những người cao tuổi, những người hạn chế trong quá trình sử dụng những thiết bị thông minh. Qua đó thì quá trình cài kích hoạt định danh điện tử mức hai, kết hợp và tích hợp các loại giấy tờ vào cho công dân."
North,QuangNinh,spk_14_0004,1,North_QuangNinh_spk_14_0004_14_0004.wav,"Chúng tôi thực hiện cấp tài khoản hình danh mức hai trong dân tất cả những ngày trong tuần, kể cả ngoài giờ hành chính. Hàng ngày chúng tôi kiểm điểm, rà soát, tiến độ và quyết tâm thực hiện chỉ tiêu đưa ra."
North,QuangNinh,spk_14_0005,1,North_QuangNinh_spk_14_0005_14_0005.wav,"Ngày hội văn hóa dân tộc  thì có điểm nhấn khác biệt so với các ngày hội dân tộc khác. Đó là đi sâu vào khai thác nét đẹp của người . Đó là làn điệu then, rồi là nghi lễ cúng then, cầu an, cầu mùa, cầu cho mùa màng bội thu, để nhớ ơn tổ tiên. Đặc biệt đó là khai thác, đi sâu vào nét văn hóa, không gian văn hóa của người Tày."
North,HaiPhong,spk_15_0001,1,North_HaiPhong_spk_15_0001_15_0001.wav,"rất là tự hào. Vịnh Hạ Long, quần đảo Cát Bà chính thức trở thành di sản thiên nhiên thế giới. Điều này nó góp phần quảng bá rất là mạnh mẽ cái hình ảnh của du lịch đất nước, con người cũng như là văn hóa Việt Nam đến với toàn thể bạn bè trên toàn thế giới. Và đó cũng là một cái điều rất là quan trọng đấy là thúc đẩy cái nội lực trở thành một cái nguồn động lực để phát triển kinh tế xã hội, du lịch."
North,HaiPhong,spk_15_0002,1,North_HaiPhong_spk_15_0002_15_0002.wav,Khi mà dự hội xong thì phải dưng ông Trâu về trời đất để mà thay kiếp cho ông. Đó là một cái phong tục rất đặc biệt của đất và người Đồ Sương. Cáo úy với trời đất là ông trâu đã hoàn thành nhiệm vụ của mình trong thời gian lễ hội.
North,HaiPhong,spk_15_0003,0,North_HaiPhong_spk_15_0003_15_0003.wav,Cơ bản là các lãnh đạo hợp tác xã đều là những người có tuổi nên việc tiếp cận với công nghệ thông tin cũng như là ứng dụng công nghệ số trong hoạt động sản xuất kinh doanh sẽ còn gặp nhiều khó khăn. Chúng tôi mong muốn Liên minh hợp tác xã thành phố Hải Phòng quan tâm tổ chức các cái buổi tập huấn để cho các lãnh đạo hợp tác xã chúng tôi được tiếp cận được ứng dụng khoa học công nghệ thông tin vào sản xuất kinh doanh được tốt hơn ạ.
North,HaiPhong,spk_15_0004,1,North_HaiPhong_spk_15_0004_15_0004.wav,"câu lạc bộ dịch vụ điện. để Thông qua đó, các đơn vị thành viên cùng chí hướng, cùng ngành nghề, cùng lĩnh vực dịch vụ. có thể cùng sinh hoạt, tạo ra một cái sân chơi, trao đổi kinh nghiệm, giao lưu, xúc tiến thương mại, cũng như tổng hợp ý kiến, đề xuất kiến nghị về cấp có thẩm quyền liên quan tới lĩnh vực của mình."
North,HaiPhong,spk_15_0005,1,North_HaiPhong_spk_15_0005_15_0006.wav,Chúng tôi tiếp tục tuyên truyền vận động để trong thời gian tới các hộ có thể chuyển hướng nghề nghiệp. Những hộ nào mà khó khăn thì chúng tôi sẽ cố gắng là cùng với các ban ngành đoàn thể vận động các hộ vay với vốn chính sách để hỗ trợ các hộ chuyển đổi nghề nghiệp.
North,ThaiBinh,spk_17_0001,1,North_ThaiBinh_spk_17_0001_17_0001.wav,"Tôi nuôi ba ba đẻ, đẻ cho nó sinh sản. Sinh sản thì Mỗi năm thì ba ba đẻ ra khoảng độ tầm nó tầm đến ba bốn ngàn quả trứng. Cho ấp nở thì khoảng độ trên dưới một vạn con một năm. Rắc vôi định kỳ cứ một tháng cử vôi một lần."
North,ThaiBinh,spk_17_0002,1,North_ThaiBinh_spk_17_0002_17_0003.wav,Khi mà đến ngân hàng giao dịch thì có những cái biểu hiện như là lo lắng hay là rút sổ tiết kiệm trước hạn. Đấy thì những cái biểu hiện nghi vấn thì bên ngân hàng đã các giao dịch viên đã phối hợp và kiểm tra tài khoản cũng như là kiểm tra các thông tin và hỗ trợ người dân đã ngăn ngừa và ngăn chặn được cái lừa đảo đấy.
North,ThaiBinh,spk_17_0003,1,North_ThaiBinh_spk_17_0003_17_0004.wav,"Câu huyện đã chủ động triển khai các bệnh pháp phòng ngừa nghiệp vụ và phòng ngừa xã hội Đã tuyên truyền phổ biến rộng rãi trên các phương tiện thông tin đại chúng Trong năm qua thì đã có ba mươi tin bài và hơn mười hai nghìn lượt chia sẻ trên các phương tiện đại chúng về các phương thức, thủ đoạn của loại tội phạm lừa đảo trên không gian mạng để quần chúng nhân dân biết và phòng tránh"
North,ThaiBinh,spk_17_0004,1,North_ThaiBinh_spk_17_0004_17_0005.wav,Nuôi ba ba thì nó... về kinh tế thì nó gấp khoảng mười lần nuôi cá. Nuôi này thì nó không có lỗ. Chủ yếu là lãi thôi. Vì là nó cái đầu ra là nó tương đối ổn định. Giá cả nó ổn định.
North,ThaiBinh,spk_17_0005,1,North_ThaiBinh_spk_17_0005_17_0006.wav,"Ví dụ đang nuôi ổn thế này nhưng mà bắt giống ở nơi khác về mà nó không may, nó bị dương tính ấy là nhà mình nó ấy hết. Nên là bây giờ nhà tôi cứ tự sản xuất được bao nhiêu thì nuôi bấy nhiêu thôi. Chứ không dám đi mua. Thứ hai nữa là cám là phải đưa từ đúng từ nhà máy về nhà luôn."
North,NamDinh,spk_18_0001,1,North_NamDinh_spk_18_0001_18_0001.wav,"Cái cuộc bầu cử đại biểu quốc hội và hội đồng nhân dân sắp tới là cái sự kiện chính trị quan trọng của đất nước và cũng là cái ngày hội của nhân dân để tham gia xây dựng chính quyền để bầu ra những người tiêu biểu và xứng đáng, đại diện cho ý chí, nguyện vọng và quyền làm chủ của nhân dân."
North,NamDinh,spk_18_0002,1,North_NamDinh_spk_18_0002_18_0004.wav,"Hội chiến binh xã chúng tôi đã tổ chức phát động phong trào thi đua Và cái nội dung của thi đua thì là tập trung cái tuyên truyền về cái cuộc bầu cử đại biểu quốc hội và hội đồng nhân dân các cấp Hai nữa, là vận động cán bộ hội viên tích cực tham gia cái cuộc tiếp xúc cử tri"
North,NamDinh,spk_18_0003,0,North_NamDinh_spk_18_0003_18_0006.wav,"Đối với lại tổ tiết kiệm vay vốn của Ngân hàng Chính sách xã hội thì chính là cái cánh tay nối dài của Ngân hàng Chính sách xã hội và cái tầm quan trọng rất lớn trong cái công tác quản lý vốn vay của Ngân hàng Chính sách xã hội. Và ở đây thì là chúng tôi đánh giá rất cao cái sự cố gắng, nỗ lực cũng như là cái kinh nghiệm của các đồng chí tổ trưởng"
North,NamDinh,spk_18_0004,1,North_NamDinh_spk_18_0004_18_0010.wav,"Rồi vấn đề công tác kỹ thuật, vấn đề thi công và thực hiện vấn đề các quy định, quy trình trong việc lập phương án thi công và biện pháp an toàn cũng như các vấn đề an toàn khác để vấn đề chủ động ứng phó khi bão có bão từ vấn đề trước trong bão và vấn đề sau bão"
North,NamDinh,spk_18_0005,1,North_NamDinh_spk_18_0005_18_0013.wav,Tại hiện trường cái công tác chuẩn bị trang về con người về trang bị dụng cụ về các cái biện pháp an toàn như thế nào thì nó rất là thực tế so với lại cái sự cố mà khi mà bão gió nó gây ra.
North,PhuTho,spk_19_0001,1,North_PhuTho_spk_19_0001_19_0001.wav,"Ủy ban nhân dân các phường xã là chủ trì, đội thanh tra trật tự đô thị cùng với các phòng ban liên quan là chúng tôi là đơn vị phối hợp. Riêng đội thanh tra trật tự đô thị Việt Trì thì chúng tôi sẽ tăng cường về lực lượng cũng như là phương tiện hỗ trợ cho các phường xã để giải tỏa cái khu vực công viên Văn Lang này, lấy lại cái trật tự đô thị và mĩ quan đô thị tại"
North,PhuTho,spk_19_0002,1,North_PhuTho_spk_19_0002_19_0002.wav,"Tăng cường cái lực lượng để tiến hành kiểm tra các phương tiện dừng đỗ sai quy định trên các tuyến đường Nguyễn Tất Thành và các tuyến đường có liên quan. Trong quá trình kiểm tra, nếu phát hiện phương tiện hoán cải mà không được các cơ quan chức năng cấp phép thì lực lượng Cảnh sát Giao thông trật tự của thành phố việt trì sẽ cương quyết tiến hành lập biên bản xử lý theo quy định của pháp luật."
North,PhuTho,spk_19_0003,1,North_PhuTho_spk_19_0003_19_0003.wav,"Các hoạt động buôn bán về xe điện rồi các loại xe văng nó sẽ ảnh hưởng đến những cái người đi bộ hoặc là các bộ môn trượt qua tanh như của cháu nên là mình cũng không dám cho. Ngoài ra thì bàn, ghế, xếp nó rất là lộ cộ mà không có cái không gian để trượt. Công viên nó sinh ra để cho mọi người tập thể dục, để nâng cao sức khỏe. Thế còn nếu mà làm được như thế này thì quá tốt rồi, người dân thì là ủng hộ hai tay luôn."
North,PhuTho,spk_19_0004,0,North_PhuTho_spk_19_0004_19_0004.wav,"Tối chúng tôi đi bộ Á THÌ ở đây hàng quán bán rất nhiều mà xe cộ bày ra cho trẻ con đi THÌ rất là nguy hiểm Các cháu nó còn bé, nó chưa có ý thức, nó cứ lên cái xe đấy là nó lao đi, băng băng đi Tối đến là karaoke hàng quán là hát rầm rĩ đến nửa đêm chúng tôi nhiều cái cũng thấy nó bức xúc"
North,PhuTho,spk_19_0005,0,North_PhuTho_spk_19_0005_19_0005.wav,Vật dụng để phòng chống cháy nổ ở khu vực này vẫn còn thiếu rất là nhiều. thì Tôi rất mong là chính quyền địa phương và các cấp lãnh đạo THÌ sẽ quan tâm và hướng dẫn kỹ năng để phòng chống cháy nổ và có thêm các trang bị cần thiết để có thể xử lý khi có cháy nổ xảy ra.
North,ThaiNguyen,spk_20_0001,1,North_ThaiNguyen_spk_20_0001_20_0001.wav,Thông qua cái ngày hội ngày hôm nay thì tôi cũng hiểu rõ hơn về việc học của các con. Nó không chỉ đơn giản là việc các cháu tiếp thu các cái kiến thức mà các thầy cô giáo truyền dạy trên bục giảng mà bên cạnh đó còn phải có thêm các hoạt động khác. Ví dụ như các hoạt động ngày hôm nay để kích thích và khuyến khích cái sự học hỏi của các cháu
North,ThaiNguyen,spk_20_0002,0,North_ThaiNguyen_spk_20_0002_20_0003.wav,"Hôm nay được đến đây tham gia chương trình ngày hội học thông qua chơi cùng con thì mình cảm thấy rất là vui. Bởi thực tế thì mình đi công tác rất là nhiều nên là rất ít có thời gian để mà chơi cùng con. Thì đây là một cái sân chơi mình nhận thấy rất là bổ ích. Bố mẹ có thể kết nối với con, bố mẹ cũng có thể kết nối với các phụ huynh trong lớp và tạo thành một cái môi trường mà mình hiểu được à cái lợi ích của việc học thông qua chơi thì rất là tuyệt vời."
North,ThaiNguyen,spk_20_0003,0,North_ThaiNguyen_spk_20_0003_20_0004.wav,"Việc tổ chức các cái hoạt động trong ngày hội học thông qua chơi sẽ giúp cho các con phát triển theo đúng những cái khả năng của mình. Có những bạn phát triển những cái kỹ năng liên quan đến sáng tạo, có những bạn phát triển những cái kỹ năng nhận thức, có những bạn lại phát triển về phần thể chất "
North,ThaiNguyen,spk_20_0004,0,North_ThaiNguyen_spk_20_0004_20_0006.wav,"Những trò chơi mà mình thích nhất, đó là trò chơi kéo co. Vì lần thứ nhất là mình thua, nhưng mà lần thứ hai mình đã cố gắng hết sức của mình. Nếu mà các bạn tham gia trò chơi này thì các bạn cũng phải cố gắng."
North,ThaiNguyen,spk_20_0005,1,North_ThaiNguyen_spk_20_0005_20_0007.wav,"Bắc Thái, Thái Nguyên qua các thời kỳ, kính thưa các vị đại biểu, kính thưa đoàn thể đại hội, được sự nhất trí của ban tổ chức giới thiệu phát biểu tham luận tại đại hội thi đua, lời đầu tiên thay mặt đảng bộ chính quyền và nhân dân các dân tộc thị xã huyện trân trọng gửi tới đồng chí Nguyễn Thị Kim Ngân ủy viên bộ chính trị chủ tịch quốc hội nước cộng hòa xã hội chủ nghĩa việt nam do tỉnh Thái Nguyên phát động trong quá trình thực hiện phong trào "
North,YenBai,spk_21_0001,1,North_YenBai_spk_21_0001_21_0001.wav,"Tôi sẽ kể ra một vài cái nguyên nhân. Nguyên nhân thứ nhất là có người đẻ ra thì cái tuyến giáp gần như là không có. Thì rõ ràng là như vậy là cái hoocmon nội tiết người ta không có về tuyến giáp. Hoặc là có nhưng mà không đáng kể. Một cái nguyên nhân thứ hai là có thể cái người, đặc biệt là ở người phụ nữ ấy thì người ta sống rất là bình thường. Nhưng mà đến cái tuổi khoảng năm mươi tuổi, đến cái thời kỳ gọi là mãn kinh"
North,YenBai,spk_21_0002,1,North_YenBai_spk_21_0002_21_0005.wav,"Để đảm bảo cái mục tiêu đề ra, tôi yêu cầu các sở, ban ngành, lực lượng vũ trang và các địa phương tập trung làm tốt một số nhiệm vụ trọng tâm sau đây. Thứ nhất, phát động, triển khai phong trào thực hiện Tết trồng cây ngay từ những ngày đầu của năm hai nghìn không trăm hai mốt. Tổ chức Tết trồng cây bằng các cái loại cây và thuộc cái   nhóm cây gỗ lớn có tuổi thọ dài và cái giá trị kinh tế cao để nâng cao cái chất lượng hiệu quả trồng rừng. "
North,YenBai,spk_21_0003,1,North_YenBai_spk_21_0003_21_0007.wav,"Đẩy mạnh công tác tuyên truyền, vận động nhân dân, nâng cao nhận thức cho mỗi người dân về luật lâm nghiệp, các quy định, các chính sách hỗ trợ của nhà nước và những giá trị to lớn lợi ích, to lớn từ bảo vệ và phát triển rừng."
North,YenBai,spk_21_0004,1,North_YenBai_spk_21_0004_21_0011.wav,"Cái dư âm đầu năm thì cái mong muốn của công ty đó là mong muốn là giới thiệu với du khách những cái danh lam thắng cảnh của địa phương. Tất nhiên là qua cái liên quan đến dịch thì cái du khách, lượng du khách cũng rất là hạn chế. Nhưng muốn qua đây thì cũng, tôi cũng mong muốn rằng là các du khách ở khắp nơi trên mọi miền Tổ quốc sẽ quan tâm và biết thêm về du lịch của Yên Bái."
North,YenBai,spk_21_0005,1,North_YenBai_spk_21_0005_21_0012.wav,Rất là phấn khởi vì đã có cái nhà rồi. Như mọi năm thì nhà bé thì anh em ra thì nó cũng đủ ngồi. Nhưng mà năm nay thì nhà to rồi thì chắc là ở cũng thoải mái hơn và phấn khởi vui hơn.
North,TuyenQuang,spk_22_0001,1,North_TuyenQuang_spk_22_0001_22_0001.wav,"Với cái tình yêu, với cảnh sắc thiên nhiên, với quê hương của mình thì từ lâu tôi đã ấp ủ một cái ước mơ đó chính là mang những cảnh đẹp về thiên nhiên, mang những cái giá trị văn hóa truyền thống đặc sắc của quê hương Nam Bình đến với đông đảo du khách nước ngoài."
North,TuyenQuang,spk_22_0002,1,North_TuyenQuang_spk_22_0002_22_0002.wav,"Năm hai nghìn không trăm hai ba là một cái năm mà rất khó khăn đối với các doanh nghiệp nói chung và công ty chúng tôi nói riêng. Nhưng với cái nội lực của mình, công ty vẫn giữ vững, ổn định sản xuất và tăng trưởng, tạo công ăn việc làm cho người lao động.."
North,TuyenQuang,spk_22_0003,1,North_TuyenQuang_spk_22_0003_22_0004.wav,"BNP Tuyên Quang đã đồng loạt giảm lãi suất cho vay đối với tất cả các thành phần kinh tế, đặc biệt là các doanh nghiệp sản xuất. Lĩnh vực sản xuất thì chúng tôi áp dụng mức lãi suất rất là ưu đãi để đảm bảo là cái giá thành đầu vào thấp và đảm bảo được cái việc là tái sản xuất cho các doanh nghiệp trong thời gian vừa qua. Và với cái hiệu ứng giảm lãi suất như này của các ngân hàng nói chung và của BNP nói riêng thì các doanh nghiệp đang dần dần hồi phục,và đáp ứng rất tốt cho cái kỳ vọng của nền kinh tế."
North,TuyenQuang,spk_22_0004,1,North_TuyenQuang_spk_22_0004_22_0005.wav,"Với cái sự điều hành quyết liệt, sát sao của chi bộ thì công ty cũng đã đề ra ba cái giải pháp gọi là trọng tâm. Thứ nhất là chất lượng sản phẩm lúc nào cũng được đặt trên hàng đầu. Thứ hai đó là cái thiết bị dây chuyền công nghệ. Công ty cũng chủ động thay đổi một số cái máy móc thiết bị để làm sao mà nó đáp ứng được với tình hình với những cái đơn hàng mới.Cái cuối cùng đó là cái đào tạo tay nghề cho cán bộ công nhân viên."
North,TuyenQuang,spk_22_0005,1,North_TuyenQuang_spk_22_0005_22_0006.wav,"Khi có chi bộ thì tất cả những cái chủ trương, đường lối cũng như nghị quyết thì chúng tôi đều được cập nhật để triển khai đến từng những khoa phòng, đơn vị. Mọi cái hoạt động hiệu quả đấy, cái tính thống nhất nó cao hơn, tính chỉ đạo nó kịp thời hơn. Mọi cái hoạt động của bệnh viện nó cũng có những cái khởi sắc."
North,HaGiang,spk_23_0001,1,North_HaGiang_spk_23_0001_23_0001.wav,Cái theo đạo này là cái thứ nhất là là mình sai trái phép với đảng nhà nước Cái thứ hai là trái phép với cái tổ tiên của mình luôn Mình bỏ tổ tiên là là mình sai hai điều này là mình sai lớn
North,HaGiang,spk_23_0002,1,North_HaGiang_spk_23_0002_23_0002.wav,"Các cá nhân thì phải thường xuyên xây dựng chương trình hành động cá nhân hàng năm, rồi hàng tháng, hàng quý, và chương trình công tác hàng tuần. Trên cơ sở chương trình công tác thì cuối năm chi bộ và cơ quan đơn vị căn cứ vào đó để đánh giá cái việc thực hiện chương trình của tập thể và cá nhân."
North,HaGiang,spk_23_0003,1,North_HaGiang_spk_23_0003_23_0003.wav,"Cứ một tuần là phun hai lần, trong đó là phun vôi và, một lần và khử trùng một lần trong một tuần. Thì cứ liên tục vào trong cái thời điểm giao mùa như thế này. Lợn gà thì nói chung chuồng trại các thứ thì không ai được vào."
North,HaGiang,spk_23_0004,1,North_HaGiang_spk_23_0004_23_0004.wav,"Để thực hiện được việc đó thì chúng tôi cũng đã xây dựng cụ thể các cái kế hoạch để gửi cho các chi bộ, các thôn để tuyên truyền hướng dẫn các cái hộ chăn nuôi các cái biện pháp phòng chống dịch bệnh tả lợn châu Phi như là tiêu độc khử trùng rồi không triển khai cái việc tái đàn rồi chăn nuôi theo cái hướng an toàn sinh học."
North,HaGiang,spk_23_0005,1,North_HaGiang_spk_23_0005_23_0005.wav,"Đối với vùng dịch, thì đối với xã Bạch Ngọc, thì tuyên truyền cho người dân tạm dừng cái công tác giết mổ và kiểm dịch vận chuyển. Đối với các xã khác, thì vùng bị uy hiếp, thì trước khi vận chuyển phải lấy mẫu xét nghiệm. Nếu mà âm tính với dịch tả lợn ở châu Phi thì sẽ cho phép vận chuyển trên địa bàn."
North,LaoCai,spk_24_0001,0,North_LaoCai_spk_24_0001_24_0001.wav,"Hội đồng quản lý quỹ thì cũng sẽ tiếp tục bổ sung thêm cái nguồn vốn ưu đãi của tỉnh cũng như là các nhà tài trợ để làm sao mà giúp được cho nhiều hội viên phụ nữ hơn đến với quỹ, để tăng trưởng cái nguồn vốn của quỹ cũng như là phát triển thành viên theo như cái kế hoạch đề ra trong giai đoạn hai không hai mốt hai không hai lăm."
North,LaoCai,spk_24_0002,0,North_LaoCai_spk_24_0002_24_0002.wav,Thì tôi thấy là sức khỏe của tôi cũng khá là ổn định và nó cũng không có cái gì là nguy hiểm hay là nghiêm trọng lắm Bởi vì là bản thân cũng đã chuẩn bị sẵn tinh thần để đối mặt với cái dịch bệnh này rồi. Cho nên là chúng tôi đã có đầy đủ cái kinh nghiệm để chăm sóc sức khỏe chủ động.
North,LaoCai,spk_24_0003,0,North_LaoCai_spk_24_0003_24_0003.wav,Bây giờ được trung tâm dịch vụ nông nghiệp trực tiếp thu mua thì bà con nhân dân cũng rất là yên tâm. Thì trong thời gian tới thì chúng tôi sẽ tiếp tục triển khai cho bà con nhân dân và đoàn viên thanh niên để trồng cái cải kale này.
North,LaoCai,spk_24_0004,1,North_LaoCai_spk_24_0004_24_0004.wav,"Em đang tính bây giờ nếu mà thu hoạch từ sáu tháng nữa thì chắc là nó hơn ngô khoảng mấy, mười mấy lần đó."
North,LaoCai,spk_24_0005,1,North_LaoCai_spk_24_0005_24_0005.wav,Đối với cái cây trồng lúa của mình thì chắc là nó sẽ hơn vì là mình cũng thu hoạch một lần rồi. Cây rau này thì nó cũng hơi khó nhưng mà được sự hướng dẫn thì cũng mới biết làm. Những người già thì các thứ là nó cũng hơi khó với sự chăm sóc đấy.
North,LaiChau,spk_25_0001,1,North_LaiChau_spk_25_0001_25_0001.wav,"Sau khi mà xây dựng cái kế hoạch chăm sóc, duy trì ngân sách thì chúng tôi luôn bám sát vào các cái kế hoạch cũng như là cái cái dự toán được giao để đôn đốc, để giám sát, để kiểm tra các cái nhà thầu để đảm bảo là thực hiện đúng, theo đúng cái kế hoạch đã đề ra."
North,LaiChau,spk_25_0002,1,North_LaiChau_spk_25_0002_25_0002.wav,"Nhà trường thường xuyên liên hệ với các cấp, các ngành, đặc biệt là liên hệ với lực lượng công an xã, các phòng cảnh sát giao thông tỉnh và của huyện về tuyên truyền về an toàn giao thông cho các cháu. Thì qua các cái buổi tuyên truyền là về an toàn giao thông."
North,LaiChau,spk_25_0003,1,North_LaiChau_spk_25_0003_25_0004.wav,"Huyện Tam Đường đã làm tham mưu, rồi xây dựng kế hoạch và chủ trì phối hợp với Phòng Cảnh sát Giao thông, rồi Công an Huyện Tam Đường, tổ chức Ngày Hội Văn hóa Giao thông tại các trường điểm và tổ chức các buổi tuyên truyền luật giao thông đường bộ cho các cháu học sinh ở các trường trung học phổ thông, dân tộc nội trú,rồi các trường trung học cơ sở và tiểu học trên địa bàn toàn huyện"
North,LaiChau,spk_25_0004,1,North_LaiChau_spk_25_0004_25_0005.wav,"Hàng ngày, hàng tuần là phải kiểm tra cái môi trường cũng như trong chuồng trại Xem là an toàn sinh học nó đến đâu Khâu nào mà cảm thấy không được là ta phải phun Còn định kỳ thì cứ hai lần một tuần là ta phải phun khử trùng định kỳ."
North,LaiChau,spk_25_0005,1,North_LaiChau_spk_25_0005_25_0007.wav,"Tuyên truyền đến các hộ dân về các biện pháp phòng chống dịch bệnh như là phun tiêu độc khử trùng, khử trùng môi trường, đảm bảo, tiêm phòng, vaccine."
North,SonLa,spk_26_0001,1,North_SonLa_spk_26_0001_26_0001.wav,"Trong khi cây ngô đang chỗ ở chỗ cờ và thụ phấn thì nói chung cũng mưa nhiều mưa dài Khoảng mấy ngày xong là mấy bón phân là cái Thứ nhất là phân bị trôi đấy Cho nên là ảnh hưởng đến cây ngô là không có bắp Cây rất tốt nhưng không có bắp Mà có bắp thì bắp rất bé thôi, không có hạt Để vậy cây là không có bắp Thế em nghĩ là do thời tiết nhiều mình đến ảnh hưởng đến cây ngô"
North,SonLa,spk_26_0002,0,North_SonLa_spk_26_0002_26_0002.wav,"Hầu như các bạn bệnh nhân đến lần đầu, nên là chủ yếu là các rối loạn thường mắc là rối loạn về giấc ngủ và rối loạn lo âu là hai rối loạn có nhiều bệnh nhân nhất Và thậm chí là có những bệnh nhân là có thể bị cả hàng năm rồi nhưng mà vẫn chưa đi khám bao giờ"
North,SonLa,spk_26_0003,1,North_SonLa_spk_26_0003_26_0003.wav,"Thế còn cái tình trạng mà bắp nhỏ ở đây á, thì nhìn cái là biết ngay. Và ông chủ ông cũng biết, đấy là do mưa nhiều, thế cho nên nó không bón được. Bón thì rửa trôi, sau đó ông lại bón lại. Nhưng rõ ràng là mưa nhiều như thế á, thì phân nó không giữ được. Cho nên giảm năng suất là cái hiển nhiên."
North,SonLa,spk_26_0004,1,North_SonLa_spk_26_0004_26_0004.wav,"Hàng năm nhà trường đã xây dựng các kế hoạch ôn thi học sinh giỏi các cấp, đặc biệt là chú trọng đến khâu lựa chọn giáo viên có đủ năng lực về mặt chuyên môn, lòng hăng say nghề nghiệp, đến khâu lựa chọn sát hạch thi tuyển học sinh vào các đội tuyển của các môn, thực hiện theo quy trình mà nhà trường đã xây dựng."
North,SonLa,spk_26_0005,0,North_SonLa_spk_26_0005_26_0005.wav,"Có được cái kết quả như thế là nhờ vào cái lòng đam mê, nhiệt huyết, truyền cái ngọn lửa tri thức đến cho các em học sinh, để các em học sinh có được cái nền tri thức vững vàng, để các em có điều kiện để học tập tốt nhất."
North,DienBien,spk_27_0001,1,North_DienBien_spk_27_0001_27_0001.wav,"Rất mong rằng các nhà đầu tư, cao doanh nghiệp, các tỉnh bạn đến với Điện Biên ủng hộ cho tỉnh bằng nguồn lực, bằng nguồn kinh nghiệm, bằng ý chí đoàn kết đồng lòng với các doanh nhân trong tỉnh, phối hợp kết hợp, tham gia chuỗi giá trị để"
North,DienBien,spk_27_0002,0,North_DienBien_spk_27_0002_27_0005.wav,"Chúng tôi làm cái lĩnh vực nông nghiệp này, thực ra đây là một cái lĩnh vực rất là khó mà đòi hỏi là phải đi đường dài. và cũng Nhưng mà công ty tôi vẫn chọn cái lĩnh vực này bởi vì đây là chúng tôi mong muốn là cung cấp một cái những cái sản phẩm."
North,DienBien,spk_27_0003,0,North_DienBien_spk_27_0003_27_0007.wav,"Công ty để mà còn mà tồn tại đến ngày nay mà vẫn giữ vững phát triển là cũng do sự cố gắng hết sức, nỗ lực để vượt qua khó khăn đại dịch Covid. Rồi là cũng mong muốn làm sao để cho các con em, các dân tộc ra trường có công ăn việc làm và cũng tạo nguồn kinh tế cho gia đình và có một phần nhỏ, góp phần xây dựng cho thành phố ngày càng giàu đẹp hơn."
North,DienBien,spk_27_0004,0,North_DienBien_spk_27_0004_27_0008.wav,"Trong cái a thời kỳ kinh doanh a cực kỳ là khó khăn và có cái sự cạnh tranh rất là cao,thì à nhà nghỉ phi tùng đã hoạt động trong vòng bốn năm qua, cũng đã một tiêu chí để thu hút lượng khách quen cũng như lượng khách mới đến để mà người ta quay trở lại. Tiêu chí đầu tiên của nhà nghỉ đó là phải sạch sẽ, chu đáo và tận tình."
North,DienBien,spk_27_0005,0,North_DienBien_spk_27_0005_27_0009.wav,"Trong các hoạt động sản xuất kinh doanh thì à chị em cũng rất là chịu khó sản xuất các mặt hàng, rồi là kinh doanh, phát triển kinh tế gia đình. Tới đây có kế hoạch là chúng tôi sẽ mỗi năm sẽ cho các chị em học tập các câu lạc bộ kinh doanh giỏi và sản xuất các mô hình sản xuất trong khu vực tỉnh và sáu mươi ba tỉnh."
North,HoaBinh,spk_28_0001,1,North_HoaBinh_spk_28_0001_28_0001.wav,"Thì bản thân tôi là đứng làm đầu tiên để cho bà con, nhân dân người ta thấy những cái mô hình. Và từ đó là tôi tôi cũng xác định rằng là cái mô hình này chỉ làm nâng cao, nếu mà không có khách đến thì cũng để nâng một tầm cho nhà mình ở. Vâng, thì tôi cũng rất là tâm huyết về cái mô hình này."
North,HoaBinh,spk_28_0002,1,North_HoaBinh_spk_28_0002_28_0003.wav,Rất là mong muốn ờ Trung ương và tỉnh đầu tư hỗ trợ cho các cái công trình đường giao thông liên xã ở trên địa bàn huyện để cải thiện thứ nhất là cái con đường cho bà con nhân dân đi. Tại vì đối với huyện Hà Bắc thì trong những năm qua thì ờ đường xá thì bị ảnh hưởng rất là nặng bởi các cái cuộc các cái thiên tai hay là những lốc xoáy làm ảnh hưởng đến con đường ở trên huyện rất là nhiều.
North,HoaBinh,spk_28_0003,1,North_HoaBinh_spk_28_0003_28_0004.wav,"Tôi thấy a cán bộ ở đây làm rất là chi tiết ạ. Sau khi kê khai xong thì thông tin của con gái tôi đã được đẩy lên bộ phận thông tin quốc gia ạ. Theo tôi thấy thì thủ tục này rất là thuận tiện, rất là nhanh gọn cho người dân. Chỉ trong buổi sáng là mình đã làm hết tất cả thủ tục mà không cần nhiều giấy tờ phức tạp ạ, rất nhanh gọn."
North,HoaBinh,spk_28_0004,1,North_HoaBinh_spk_28_0004_28_0005.wav,"Tư pháp thì phải nói là trong cái bộ thủ tục hành chính thì nó rất nhiều bộ thủ tục hành chính. Ví dụ như lĩnh vực hộ tịch thì khai sinh, khai tử, kết hôn thì nó rất nhiều. Chúng tôi là cán bộ trực ở một cửa ở đây hầu như là người dân hài lòng với vấn đề mà chúng tôi ờ làm cho người dân, đã ứng đủ cái điều kiện cho người dân khi đi đến giao dịch ở đây."
North,HoaBinh,spk_28_0005,1,North_HoaBinh_spk_28_0005_28_0006.wav,"cái Thủ tục hành chính về công tác hội tịch cải cách, hộ tịch đổi hộ khẩu thì xã phân công hai đồng chí tư pháp trực tiếp hàng ngày giao dịch tiếp dân và hướng dẫn dân trong quá trình mà làm thủ tục."
North,HaNoi,spk_30_0001,0,North_HaNoi_spk_30_0001_30_0001.wav,Mình tên là Phạm Thị Thu Hoài. Hiện tại thì mình đang ở quận Cầu Giấy. 
North,HaNoi,spk_30_0002,0,North_HaNoi_spk_30_0002_30_0007.wav,"Hẹn hò qua mạng thì thế nào nhỉ? Nó rất là phổ biến rồi. Cách đây từ chục năm trước, khi mà chúng ta có Zalo, Facebook, trước nữa thì là Yahoo. Bản thân mình cũng thế, mình yêu đương qua mạng rất là nhiều. Thế nhưng, để mà nói tìm được một cái đối tượng thực sự mà chất lượng, nhất là trong cái thời đại bây giờ, khi mà công nghệ nhiều, lừa đảo nhiều, ảnh thì cũng chỉnh sửa hết, không biết là đâu là thật, đâu là giả. Thì cái việc hẹn hò qua mạng có vẻ như bây giờ quá là rủi ro đi."
North,HaNoi,spk_30_0003,0,North_HaNoi_spk_30_0003_30_0010.wav,"Nếu như bạn nào có nhu cầu giống như các bạn ý thì các bạn ý sẽ match với nhau. Và sau đấy là chuyện gì tới thì cũng sẽ tới. Sau đấy là đấy hẹn hò luôn. Ngay lập tức, khoảng tầm chắc. Match được năm phút thì chắc sau đấy là gặp nhau luôn. Nếu như mà có thể."
North,HaNoi,spk_30_0004,1,North_HaNoi_spk_30_0004_30_0011.wav,"Việc triển khai thực hiện chậm tín độ, chưa đạt yêu cầu thì nó có một số nguyên nhân. Nhưng mà chủ yếu là liên quan đến công tác kiểm định chung cư cũ, cũng như công tác lập quy hoạch. Cái thứ hai là sự vào cuộc của các quận huyện. Và công tác kiểm định, công tác quy hoạch thì chưa thực sự là quyết liệt."
North,HaNoi,spk_30_0005,1,North_HaNoi_spk_30_0005_30_0012.wav,"Quy định trách nhiệm của Hội đồng Nhân dân thành phố được sử dụng ngân sách của thành phố hoặc từ các quỹ đầu tư của thành phố để thực hiện việc hỗ trợ cho việc thẩm định chất lượng chung cư, việc quy hoạch các chung cư và đặc biệt trong trường hợp mà các chủ đầu tư không thực hiện cải tạo lại chung cư hoặc thuê đơn vị cải tạo lại chung cư thì thành phố được quyền bố trí ngân sách hoặc từ các quỹ hỗ trợ này cho việc cải tạo lại chung cư."
North,HaiDuong,spk_34_0001,1,North_HaiDuong_spk_34_0001_34_0001.wav,Nếu như mà doanh nghiệp chúng tôi mà phát hiện ra những lái xe nào mà có chất cách kích thích và ma túy thì chúng tôi sẽ kiên quyết xử lý và sẽ cho nghỉ việc để đảm bảo được việc an toàn giao thông đối với lại người tham gia giao thông và đối với lại doanh nghiệp.
North,HaiDuong,spk_34_0002,1,North_HaiDuong_spk_34_0002_34_0002.wav,tám năm qua thì ban an toàn giao thông tỉnh vẫn duy trì thường xuyên việc test ma túy cho lái xe. Chúng tôi xác định đây là một trong những giải pháp nâng cao ý thức người tham giao thông cũng như là cái quản lý của các doanh nghiệp vận tải. Khi mà tham giao thông trên đường là phải đảm bảo an toàn cho người dân cũng như là an toàn cho lái xe.
North,HaiDuong,spk_34_0003,0,North_HaiDuong_spk_34_0003_34_0004.wav,"chúng Tôi tập huấn cho toàn thể các cô giáo về cái công tác phòng chống dịch, cụ thể như là cái công tác vệ sinh đồ dùng cá nhân của học sinh trên lớp lúc nào cũng được sạch sẽ và ngoài cái công tác vệ sinh cá nhân của các con thì cái việc phối hợp giữa phụ huynh và nhà trường là quan trọng. Tôi nghĩ đây là việc quan trọng nhất."
North,HaiDuong,spk_34_0004,0,North_HaiDuong_spk_34_0004_34_0006.wav,"Khi mà phụ huynh họ đến đưa trẻ đến thì nhà trường phải kiểm tra, chỉ đạo giáo viên kiểm tra các con xem các con có có triệu chứng có cái biểu hiện là mắc bệnh đó không. Nếu như có biểu hiện mắc cái bệnh chân tay miệng ví dụ như con sốt hoặc là miệng con li ti lấm chấm thì nhà trường sẽ trao đổi với phụ huynh. là cho con đi khám ở bệnh viện và có những cái hướng điều trị theo đúng pháp đồ của bác sĩ và cho trẻ nghỉ để đảm bảo cho những học sinh đang học tại trường không bị lây bệnh."
North,HaiDuong,spk_34_0005,1,North_HaiDuong_spk_34_0005_34_0008.wav,"nhân dân của các cái vùng biển, vùng miền ở mọi miền đất nước tập trung về trước sông lục đầu tạo thành một biển người để gửi gắm cái niềm tin của người sống đối với các vong hồn đã khuất. Và chỉ có tại lễ hội mùa thu Côn Sơn Kiếp Bạc thì mới có một nghi lễ đặc sắc như thế này. Đây là một nghi lễ chiếm được cái tình cảm và cái sự quan tâm của đông đảo nhân dân và du khách địa phương khi về tham gia lễ hội Kiếp Bạc."
North,NinhBinh,spk_35_0001,0,North_NinhBinh_spk_35_0001_35_0001.wav,"thể thao ở nhà văn hóa này thì tôi thấy là sáng đến rồi, buổi sáng này và buổi chiều tối, và các ông bà với lại, các cháu thanh thiếu niên đã ra đây tập luyện thường xuyên. Và tôi thấy đời sống về tinh thần, về văn hóa, nghệ thuật này, các thứ là rất là phát triển."
North,NinhBinh,spk_35_0002,0,North_NinhBinh_spk_35_0002_35_0002.wav,"Khi nhận được phần thưởng của dòng họ thì cháu cảm thấy rất vui, cháu rất tự hào về dòng họ của mình. Cháu sẽ phấn đấu học tập thật giỏi để phát huy truyền thống hiếu học của dòng họ Nguyễn ạ."
North,NinhBinh,spk_35_0003,1,North_NinhBinh_spk_35_0003_35_0003.wav,Một chút này thôi để cái lưu thông không khí gió từ điều hòa nó đẩy ra nó đẩy ra ngoài thì nó hút từ khí bên ngoài vào. Tức là bên khí bên ngoài là sẽ có nhiều lượng oxy chứ trong xe thì cái khối oxy rất nhỏ chúng ta đã hít vào rồi thì nó không còn oxy nữa.
North,NinhBinh,spk_35_0004,0,North_NinhBinh_spk_35_0004_35_0004.wav,"Thì Liên minh hợp tác xã tỉnh chúng tôi tiếp tục quan tâm nhiều hơn. Thứ nhất là đến cái hoạt động mà liên quan đến hỗ trợ các cái hoạt động về xúc tiến thương mại, quảng bá các cái sản phẩm. Cái thứ hai nữa là hỗ trợ các hợp tác xã về hoạt động tín dụng."
North,NinhBinh,spk_35_0005,1,North_NinhBinh_spk_35_0005_35_0006.wav,Gia đình thì coi như cũng tự giác cùng với nhân dân trong phố chấp hành mọi cái nghị quyết mà của Chi bộ đã đề ra là vệ sinh môi trường sạch sẽ cùng vận động nhân dân cùng tham gia tức là đóng góp về kinh phí về tiền chỉnh chung lại cái nhà văn hóa.
South,HoChiMinh,spk_59_0001,1,South_HoChiMinh_spk_59_0001_59_0001.wav,"Chúng tôi tập trung vào cái công tác đào tạo huấn luyện, đặc biệt là huấn luyện về cái quy trình các cái hướng dẫn chẩn đoán điều trị Covid mười chín của Bộ Y tế, đào tạo về các cái quy trình kiểm soát nhiễm khuẩn. Đồng thời thì chúng tôi cũng rà soát lại tất cả những cái trang thiết bị đảm bảo được an toàn."
South,HoChiMinh,spk_59_0002,1,South_HoChiMinh_spk_59_0002_59_0002.wav,"Mục tiêu hàng đầu của thành phố hiện nay là chăm sóc, điều trị các F không chuyển nặng, ngăn chặn tử vong. Do đó, "
South,HoChiMinh,spk_59_0003,0,South_HoChiMinh_spk_59_0003_59_0004.wav,"Em nghĩ là đây là một trong những chương trình vô cùng ý nghĩa và có thể giúp cho đất nước của chúng ta có thể bình ổn trở lại và có thể quay lại trở lại những cái cuộc sống hàng ngày. Và em thật sự em rất là mong chờ chương trình này và em rất là hy vọng rằng đây sẽ là một trong những cái chương trình sẽ được tất cả mọi người, dân của đất nước của mình sẽ được yêu thương và ủng hộ."
South,HoChiMinh,spk_59_0004,0,South_HoChiMinh_spk_59_0004_59_0005.wav,"Ngay Từ đầu khi chương trình bắt đầu thì Việt hương biết tại vì Việt hương xuất thân từ đài hát mà đóng từ thời mà còn là đóng quần chúng đi ngang qua tivi thôi. Tháng nay hai vợ chồng rất là năng lượng, chọn hai cái áo luôn vui tươi nha quý vị. Áo này áo luôn vui tươi không phải áo hiệu nha. Để mà có hình ảnh này để hai vợ chồng về kêu gọi thêm tại đài truyền hình là tiếng nói lan tỏa nhanh nhất và thấy được hình ảnh đặc biệt là những nghệ sĩ để mà lan tỏa nhiều hơn. thì cái chương trình nó rất là ý nghĩa."
South,HoChiMinh,spk_59_0005,1,South_HoChiMinh_spk_59_0005_59_0006.wav,"Vợ chồng mình từ trước giờ cũng đã làm những chương trình thiện nguyện nhưng mà đặc biệt với chương trình này vào cái thời điểm này thì mình nghĩ rằng nó rất là quan trọng. Thì mình nghĩ là làm sao để mình làm sao để những người đi tuyến đầu và các cô, các bác lớn tuổi có được cái vắc xin sớm."
South,DongNai,spk_60_0001,0,South_DongNai_spk_60_0001_60_0001.wav,"Đối tượng khuyết tật trên toàn xã hiện nay cũng rất là đông, cũng khoảng sáu bảy mươi trường hợp. Nhưng mà chọn những đối tượng mà người ta có khả năng chăn nuôi hay sản xuất thì mình mới cho mượn nguồn vốn này. Những người khuyết tật nặng quá thì họ không có làm gì, mình cũng không thể hỗ trợ được."
South,DongNai,spk_60_0002,0,South_DongNai_spk_60_0002_60_0003.wav,Nói chung là lúc phát hiện bệnh thì chị là người nói với bé đầu tiên tại vì nó là người thân của chị. Dù gì đi nữa nó đối diện với sự thật là nó tốt hơn. Chứ để rủi sau này cháu có biết sau tại vì hồi lúc đó cháu đang học mười hai. Chị cũng rất sợ là mình không có tiếp tục sống được.
South,DongNai,spk_60_0003,0,South_DongNai_spk_60_0003_60_0006.wav,"Bệnh thì chị nghĩ nó đã tới rồi. Mình cứ cố gắng sống được ngày nào vui vẻ ngày đó bên con thôi. Cái điều chị mong muốn nhất là tại vì con chị nó có một mình. Nó cũng không anh, không em. Bên ngoại thì ở xa, còn bên nội thì điều kiện cũng khó khăn. Mà chú thì cũng không có gia đình ở nhà ông bà nội chứ không phải nhà của chú."
South,DongNai,spk_60_0004,1,South_DongNai_spk_60_0004_60_0008.wav,"Trong những năm qua thì với sự chung tay về làm tốt công tác an sinh xã hội trên địa bàn thì cũng được đảng ủy, ủy ban, ủy ban mặt trận tổ quốc cũng như là các ngành, các đơn vị đoàn thể chính trị xã hội hết sức quan tâm đến công tác an sinh xã hội ở trên địa bàn."
South,DongNai,spk_60_0005,0,South_DongNai_spk_60_0005_60_0013.wav,"Dạ không, ông xã ở nhà tại ông ngồi xe lăn đi lại không có được. Cách đây là mười năm là hội nhân dân trẻ cũng ủng hộ cho em là heo. Cho heo xong rồi em lấy từ cái nguồn vốn heo đó là em chăn nuôi dê tới giờ này luôn."
South,BinhDuong,spk_61_0001,1,South_BinhDuong_spk_61_0001_61_0001.wav,"Đầu tiên, cái mà quan trọng nhất là chúng ta làm sao đó để ổn định được cái việc làm trước. Từ đó là thứ hai là chúng tôi mong muốn rằng là tạo thêm được những cái cầu nối về thông tin liên lạc, những cái chương trình hoặc những cái phần mềm mà để cho người lao động có thể tiếp cận được nhiều hơn."
South,BinhDuong,spk_61_0002,1,South_BinhDuong_spk_61_0002_61_0003.wav,Qua những cái vụ việc đã xảy ra thì cơ quan công an cũng khuyến cáo đến người dân. Thứ nhất là không được để lộ mật khẩu đăng nhập vào thiết bị điện thoại di động cũng như là mã OTP mà gửi về thiết bị điện thoại di động cho người khác. Thứ hai là phải cẩn trọng hơn trong việc quản lý thông tin bảo mật liên quan đến tài khoản ngân hàng. đặc biệt là cái tài khoản đăng nhập vào tài khoản ngân hàng online.
South,BinhDuong,spk_61_0003,0,South_BinhDuong_spk_61_0003_61_0005.wav,"theo dõi trường rất là nhiều, có rất là nhiều hoạt động và cũng như là em cảm thấy đó là một môi trường phù hợp với bản thân em và cũng là nơi để em có thể phát triển thật  là tốt những cái kỹ năng của mình trong bốn năm học đại học. Và khi mà trúng tuyển vào trường thì em cảm thấy rất là vui bởi vì là mình được vào ngôi trường mình mơ ước"
South,BinhDuong,spk_61_0004,1,South_BinhDuong_spk_61_0004_61_0006.wav,"Thành công của Bình Dương đó là tốc độ phát triển rất là nhanh để mang lại sự đổi mới rất là lớn cho cả một mảnh đất rất là khó khăn vốn là nghèo xưa nay. Chỉ trong vòng chưa đầy hai mươi lăm năm mà cái tổng, cái nền kinh tế ở đây, cái gọi là quy mô nền kinh tế ở đây đã tăng gấp hơn một trăm lần, gần một trăm hai mươi lần."
South,BinhDuong,spk_61_0005,1,South_BinhDuong_spk_61_0005_61_0007.wav,"Với cái tiềm lực của Bình Dương hiện nay, với cái nguồn lực tại chỗ hiện nay thì nó là một cái bệ phóng rất lớn cho sự phát triển sắp tới cho nên nhìn thấy cái tương lai nó rất là sáng sủa."
South,LongAn,spk_62_0001,0,South_LongAn_spk_62_0001_62_0001.wav,"Xin cảm ơn đoàn y bác sĩ đi khám bệnh miễn phí, các bạn trẻ tình nguyện hè. Tôi già rồi, đi khám bệnh ở xa cũng không có xe để đi, chỉ mướn thôi. Giờ được đoàn này về khám miễn phí rất mừng, tôi đi lại rất khó khăn. Thấy các em phục vụ tiếp đón rất niềm nở, rất nhiệt tình, hướng dẫn từng chi tiết, hướng dẫn cho uống từng viên thuốc."
South,LongAn,spk_62_0002,0,South_LongAn_spk_62_0002_62_0002.wav,"nhằm phát huy tinh thần xung kích tình nguyện, năng lực chuyên môn của lực lượng này trong việc tổ chức, tham gia các hoạt động tình nguyện vì cộng đồng. Từ đó mà tạo môi trường để cho đoàn viên thanh niên, rèn luyện, cống hiến và trưởng thành góp phần cùng với địa phương thực hiện tốt công tác an sinh xã hội."
South,LongAn,spk_62_0003,0,South_LongAn_spk_62_0003_62_0003.wav,"Thấy cái hố này mà làm thì mình thấy thực hiện nó lớn quá. Mà cái gia đình, nếu mà gia đình nhỏ, hai chồng một đứa con thì mình phải nói là tận dụng nó không có hết. Cho nên là tôi phải phát động là hội viên trong gia đình mỗi người có thùng mút hoặc là đào cái hố nhỏ nhỏ để người ta ủ thì người ta cũng tận dụng được cái hố phân vừa có phân để bón cho cây trồng và vừa đảm bảo cho môi trường."
South,LongAn,spk_62_0004,0,South_LongAn_spk_62_0004_62_0004.wav,"Thấy nó đỏ là không được, thấy nó đen là bắt đầu thành phân. Rồi mình đem mình ủ cho cây trồng. Còn nếu mà mình mua phân bên ngoài á, là nó bị cây nó, nó bị cái rễ á. Phân nó nóng quá, là nó bị cháy rễ, là cái cây nó, cái lá nó xuống. Còn phân này là bình thường, nắng mưa nhiệt cũng được hết."
South,LongAn,spk_62_0005,1,South_LongAn_spk_62_0005_62_0005.wav,"Thấy mô hình này thiết thực và có nhiều lợi ích nên rất đồng tình, mọi người đều đồng lòng ủng hộ để thực hiện. Tôi và mỗi người dân ở đây nhận thấy an tâm hơn khi ra đường vào ban đêm, đồng thời các tệ nạn xã hội và trộm cắp tài sản cũng được hạn chế."
South,TienGiang,spk_63_0001,0,South_TienGiang_spk_63_0001_63_0001.wav,"Dân ở đây thật là bức xúc, bức xúc thật lớn luôn đó em. Bởi vì con đường này giờ là mưa thì bị nước, sập ổ gà. Người dân người ta đi người ta bị té. Té xong rồi còn mùa nắng là bụi khói. Chạy mấy ông chạy cũng phải thương dân một tí. Chạy thì chạy tốc độ nhẹ nhẹ thôi, cho đỡ bụi. Bụi nào bay lên như là trấu gãi luôn. Còn nhà chị bây giờ nói chung là mình ở mặt đường mà bây giờ giống như ở trong rừng vậy đó. Bao che bít bùng không thấy gì trơn luôn."
South,TienGiang,spk_63_0002,1,South_TienGiang_spk_63_0002_63_0002.wav,Nói chứ xe chở cát đá một ngày nó chạy hàng trăm chiếc luôn á Chứ không phải chạy năm mười chiếc ai nói
South,TienGiang,spk_63_0003,1,South_TienGiang_spk_63_0003_63_0003.wav,Người ta đi qua đi lại nó khó khăn lắm chị ơi. Mỗi lần mà tại mưa nước ngập người ta không biết cái lỗ nó nằm chỗ nào hết rồi người ta chạy người ta té hoài. Giờ cũng như đề nghị kiến nghị ban cấp lãnh đạo chính quyền địa phương gì đó đoàn thể gì đó người ta khắc phục lại đoạn đường cho bà con đi cho nó dễ thuận tiện cho học sinh rồi nó đi học nó cũng đỡ có té đồ này kia. Chứ vậy là không được rồi quá trời người ta chịu hết nổi rồi.
South,TienGiang,spk_63_0004,1,South_TienGiang_spk_63_0004_63_0004.wav,"Tại vì nắng thì bụi dữ lắm, ảnh hưởng đến sức khỏe của con em và gia đình. Mưa thì như anh chị đã thấy rồi đó, ổ gà thì ổi voi bự rồi lầy rồi đi ra, rất là khó khăn. Mỗi lần đi về tới đây sình lầy tất cả nhà, cửa nào."
South,TienGiang,spk_63_0005,1,South_TienGiang_spk_63_0005_63_0006.wav,"Từ hôm mà làm tới nay thì nó hoàn chỉnh lại, thì thấy ở đây ai cũng đều mừng dữ lắm. Tại vì đường lộ sạch sẽ, rộng rãi thì ai cũng mừng, phấn khởi lắm. Với lại trong đây mình cũng có là cái xã với lại có cái gì ở cái đình Long Hưng. Đây là người ta rất là tham quan, rất nhiều. Mà giờ làm vậy là mừng dữ lắm."
South,VinhLong,spk_64_0001,0,South_VinhLong_spk_64_0001_64_0001.wav,"Xây dựng chương trình năm không Ba Sạch. Ba sạch bao gồm là sạch nhà thì gắn liền với vệ sinh thân thể, sạch bếp thì gắn liền với an toàn thực phẩm và sạch cửa ngõ thì gắn liền với bảo vệ môi trường."
South,VinhLong,spk_64_0002,1,South_VinhLong_spk_64_0002_64_0004.wav,"Chào mừng đến với Đại hội mười hai cũng như mừng đảng mừng xuân là Ban chấp hành xã đoàn đã phát động rộng khắp trên sáu chi đoàn của sáu ấp Nhất là tạo cảnh quan môi trường sáng xanh sạch đẹp, thu gom rác cũng như là vận động bà con, phát quan bụi rậm luôn cũng như là chi đoàn ra quân là nhằm cho đạt tiêu chí mười bảy của môi trường giữ vững và nâng chất tiêu chí này"
South,VinhLong,spk_64_0003,0,South_VinhLong_spk_64_0003_64_0005.wav,"Từ khi được các anh chị ở xã phát động trồng hoa này nè, rồi mình cũng nhín chút thời gian ra trồng, thấy bà con dài dài ở đâu cũng trồng hết trơn rồi cái mình trồng thêm cho nhiều. Rồi chiều mỗi khi xong công chuyện rồi mình ra ngắm hoa cũng thấy thích thích."
South,VinhLong,spk_64_0004,0,South_VinhLong_spk_64_0004_64_0006.wav,"Tôi làm bún ở đây là nhín chút thời gian về trồng. Bên làm bún cũng kêu nhân công ra trồng phụ với lại chủ với nhân công rồi ra trồng. Tính, toàn cái này tôi cũng gieo để giống rồi gieo lại trồng nữa, trồng hoài."
South,VinhLong,spk_64_0005,1,South_VinhLong_spk_64_0005_64_0007.wav,"Tập trung tuyên truyền vận động người dân, chỉnh trang hàng rào, cột cờ, vệ sinh cảnh quan xung quanh nhà."
South,CanTho,spk_65_0001,1,South_CanTho_spk_65_0001_65_0001.wav,Hầu hết các cái xã mà nằm trong kế hoạch xã nông thôn mới nâng cao cũng như xã nông thôn mới kiểu mẫu của bốn huyện thành phố Cần Thơ thì đã gần như hoàn chỉnh tất cả các cái chỉ tiêu các cái tiêu chí mà theo quy định của chính phủ cũng như của uỷ ban nhân dân thành phố Cần Thơ.
South,CanTho,spk_65_0002,1,South_CanTho_spk_65_0002_65_0003.wav,Chín cái tiêu chí lớn của chính phủ quy định để mà cái huyện đạt cái huyện nông thôn mới nâng cao đó. Đến giờ phút này thì Phong Điền cũng còn những cái tiêu chí mà tôi nghĩ là phải cần phải hết sức là khẩn trương và có những tiêu chí cần phải có các cái sở ngành của thành phố Cần Thơ.
South,CanTho,spk_65_0003,1,South_CanTho_spk_65_0003_65_0005.wav,Tiêu chí ví dụ như cơ sở vật chất về văn hóa về giáo dục chưa đạt chuẩn thì huyện cũng đã có bố trí vốn đầu tư công để làm sao xây dựng cho hai tiêu chí này đạt chuẩn theo quy định. Còn trong quá trình thực hiện thì huyện sẽ quan tâm làm tốt công tác tuyên truyền để nâng cao nhận thức. Mục tiêu làm sao là phải phát huy được vai trò chủ thể của người dân. Để làm sao là người dân làm Người kiểm tra và người dân sẽ thụ hưởng thì nó sẽ bền vững hơn.
South,CanTho,spk_65_0004,1,South_CanTho_spk_65_0004_65_0006.wav,Huyện hiện nay có hai trường phổ thông trung học Phổ thông trung học là Phan văn trị Và phổ thông trung học là Giai xuân ba trường này phải đạt chuẩn về mức độ một và trong đó có một trường đạt chuẩn mức độ hai.
South,CanTho,spk_65_0005,1,South_CanTho_spk_65_0005_65_0008.wav,"Xây dựng cái kênh trên sàn Thương mại Điện tử để bán những số sản phẩm như lúa, gạo jasmine, gạo OM5451."
South,DongThap,spk_66_0001,1,South_DongThap_spk_66_0001_66_0001.wav,Cá thì nhiều lắm. Cá như nước vô là cá nhiều lắm. Cá linh đủ thứ cá hết trơn á. Nước về là loay hoay là mình giăng lưới xuống cái là kéo lên là trữ cá rồi đó.
South,DongThap,spk_66_0002,1,South_DongThap_spk_66_0002_66_0002.wav,Cái mùa nước nổi này thì nói chung ra là không ai làm gì hết. Rồi mình đưa cái mô hình này lên thì cô bác cũng rất là đồng tình. Thì chung ra bỏ một. Có chương trình ở trên đưa xuống một người năm mươi năm mươi cùng nhau làm kiếm cái mùa sinh kế nước lũ này nè. Phổ biến nông dân trong diện tích này. Rồi mấy cô bác anh em nào tham gia thì tự mình lựa chọn ra để quản lý chung với nhau.
South,DongThap,spk_66_0003,1,South_DongThap_spk_66_0003_66_0003.wav,"Như tôi thấy mà cái chính quyền địa phương mình như tỉnh đưa cái luật sinh kế mùa lũ để dự trữ bảo vệ cái lượng nước và bảo vệ cá con thì tôi thấy rất là mừng, rất là hợp lý."
South,DongThap,spk_66_0004,1,South_DongThap_spk_66_0004_66_0004.wav,Trọng tâm đó là cái sự thống nhất của cái người tham gia trong cái mô hình.cái Thứ hai là chia quyền lợi sao cho nó thỏa đáng giữa cái tổ quản lý cộng đồng với hộ dân tham gia trong cái mô hình nuôi cá cộng đồng này.
South,DongThap,spk_66_0005,1,South_DongThap_spk_66_0005_66_0006.wav,Vừa qua được sự phân công cụ thể thì anh em cũng đều có tinh thần nung đúc hôm nay là anh nào phải có trách nhiệm Cái công việc anh nào thì anh ấy làm theo cái sự chỉ đạo của tổ trưởng và tổ phó Gặp người dân thì phải quán triệt cho bà con hiểu về cái trách nhiệm Người có người cộng đồng cho nên gặp người nào lạ vào thì phải có sự báo trực tiếp với tổ Giám sát như vậy thì nó mới được thành công chứ không trong tổ thành viên mười người thì không thể nào quản lý được Vì người dân có trách nhiệm như vậy nên mới vừa qua thì nó phải đạt như vậy.
South,AnGiang,spk_67_0001,1,South_AnGiang_spk_67_0001_67_0001.wav,"Cũng nhờ sự hỗ trợ của ngân hàng chính sách, hỗ trợ nguồn vốn mà cơ sở bên em có nguồn vốn để đầu tư nguyên liệu để phát triển cái cơ sở, thị trường ở như nội tỉnh, ngoại tỉnh với lại mấy tỉnh lớn như thành phố Hồ Chí Minh, Bình Dương. Nói chung là thông qua hỗ trợ nguồn vốn chính sách thì cũng giúp đỡ cho bên em được rất là nhiều."
South,AnGiang,spk_67_0002,1,South_AnGiang_spk_67_0002_67_0002.wav,"Hỗ trợ việc làm là một trong những chương trình cho vay quan trọng giúp hộ dân phát triển được kinh tế, tăng thu nhập, ổn định đời sống, giảm nghèo bền vững. Trong những năm qua, phòng dịch Ngân hàng chính sách Thị xã Tân Châu đã triển khai đầy đủ kịp thời và minh bạch các chương trình tín dụng tại mười bốn trên mười bốn, điểm giao dịch xã phường, đồng thời phối hợp với các ngành các cấp, đẩy mạnh công tác tuyên truyền, hỗ trợ tạo điều kiện thuận lợi nhất cho hộ dân tiếp cận nguồn vốn."
South,AnGiang,spk_67_0003,1,South_AnGiang_spk_67_0003_67_0004.wav,Cũng nhờ chính sách nhà nước hỗ trợ cho cái phần cho em vay là không lãi. Là khoảng ba năm đầu là không lãi. Nhưng mà năm thứ bốn thì mình phải bắt đầu mình đóng lãi và trả cái số vốn là năm mươi phần trăm. Rồi còn lại là năm mươi phần trăm thì năm thứ năm phải trả lại.
South,AnGiang,spk_67_0004,1,South_AnGiang_spk_67_0004_67_0006.wav,"Tôi cũng nhờ cái vụ vay này thành ra tôi mới xây dựng được thêm một cái vườn ở đằng sau nữa. Chứ nếu mà không có thì chạy lo là nó mệt lắm. Thí dụ như từ ở đây mà chuyển ra tít mà đồng ở xa lắm, mấy trăm mét ngoài nữa. Thành ra nhờ cái đường đó là mới có trải đường ống đi ra ngoài luôn. Cũng nhờ là cái đồng vốn vay này."
South,AnGiang,spk_67_0005,1,South_AnGiang_spk_67_0005_67_0007.wav,"Nhờ nguồn vay này, một số hộ dân đã đầu tư để mở rộng diện tích sản xuất nhãn xuồng. Đến nay, diện tích nhãn xuồng được mở rộng trên một trăm bốn chục héc ta, bước đầu đem lại thu nhập ổn định cho những hậu trồng nhãn trên địa bàn."
South,KienGiang,spk_68_0001,1,South_KienGiang_spk_68_0001_68_0001.wav,"Hồi xưa ông bà đi khai mở, từ đó mới chọn một cái nền đó là theo tín ngưỡng dân gian là thành lập một đình thờ thành hoàng bổn cảnh để mà bà con tới đây đi khai phá, để mà cũng như là khai làng lập ấp vậy đó."
South,KienGiang,spk_68_0002,1,South_KienGiang_spk_68_0002_68_0005.wav,Nhân dịp lễ Dolta này thì tất cả bộ sóc đều là tụ tập nhau đến chùa để nhằm mục đích là hương dân cơm cho ông sư. Đồng thời đó là cũng cầu nguyện cho ông bà quá Cố. Gia đình thì thức cũng khá sớm chuẩn bị nấu nướng đồ này kia.
South,KienGiang,spk_68_0003,1,South_KienGiang_spk_68_0003_68_0007.wav,"Mùa trong tháng Bảy này đó, người ta kêu là mùa vu Lan. Người Khmer đó thì nói là lễ Sen Dolta là lễ báo hiếu, là cúng đến ông bà tổ tiên của mình trong cái tháng Bảy này."
South,KienGiang,spk_68_0004,1,South_KienGiang_spk_68_0004_68_0011.wav,"Chính từ cái việc thành công của tranh vỏ tràm thì gần đây mình cũng có phát triển thêm một dòng tranh mới đó là chanh bẹ chuối, cũng là loại xé dán. Sử dụng các cái nguyên liệu sẵn có ở địa phương làm nên những bức tranh mộc mạc, gần gũi, đơn sơ. và Đến thời điểm hiện nay thì thị trường cũng có nhiều người biết đến cái dòng tranh này."
South,KienGiang,spk_68_0005,1,South_KienGiang_spk_68_0005_68_0015.wav,"Hồi trước là thời mới khai hoang lập địa là lập cái đình này là đã ở tại nền chùa. Vậy là dân làng người ta mới cúng. Rồi cái thời tới Pháp là mới có đào con kênh này. đào con kênh này là dân mới về dưới này, về sống ở theo hai bên bờ kênh này. Rồi đang đưa cái đình xuống về dưới này."
South,CaMau,spk_69_0001,1,South_CaMau_spk_69_0001_69_0001.wav,"Dự báo tình hình thì có thể là dịch bệnh có thể là có thể lây lan bởi vì lượng mưa nó phức tạp hơn những năm trước thì cái mầm bệnh là mưa nhiều là thường mấy hôm mưa nhiều những những ao tôm chuyên canh là nó bị rớt tôm nhiều rớt tôm nhiều là có vấn đề liên quan đến dịch bệnh nó mới rớt, nó bình thường nó không rớt."
South,CaMau,spk_69_0002,1,South_CaMau_spk_69_0002_69_0002.wav,"Mưa lớn thì mình tăng cường cái chạy quạt, oxy, bón vôi. Trong quá trình đó thì bà con mình tăng cường sức đề kháng cho tôm nuôi của mình."
South,CaMau,spk_69_0003,1,South_CaMau_spk_69_0003_69_0004.wav,Thường thường con cua mà xuất khẩu vô nước ngoài là nó gặp cái khó khăn trong vấn đề cấm biên.
South,CaMau,spk_69_0004,1,South_CaMau_spk_69_0004_69_0006.wav,"Cố gắng để những cái đơn vị sản xuất cho giống nó chất lượng, tránh những trường hợp những con cua nó cận huyết thì sức sống nó sẽ yếu hơn. Còn về bên môi trường thì nhà nước của mình thường xuyên đi kiểm tra vùng nước ở địa bàn nuôi cua đó để cho nó kịp thời phát hiện những cái ảnh hưởng về môi trường như thế nào để xử lý kịp thì nó sẽ tốt hơn."
South,CaMau,spk_69_0005,0,South_CaMau_spk_69_0005_69_0007.wav,"Cầu mong cho làm ăn cho gia đình mạnh khỏe. Năm nào mình cũng lại, hồi nhỏ tới lớn là năm nào mình cũng lại đây."
South,TayNinh,spk_70_0001,1,South_TayNinh_spk_70_0001_70_0001.wav,"Ngoài thời gian học tập, huấn luyện sẵn sàng chiến đấu, phối hợp tuần tra, ban chỉ huy quân sự xã thường xuyên quán triệt và động viên cán bộ chiến sĩ tích cực giữ gìn vệ sinh doanh trại, tăng gia sản xuất, bảo đảm đời sống và rèn luyện sức khỏe."
South,TayNinh,spk_70_0002,1,South_TayNinh_spk_70_0002_70_0002.wav,"Tôi gắn bó lâu dài với lực lượng là nhờ sự động viên từ gia đình, sự tin tưởng, lãnh đạo của địa phương, cũng như chỉ huy các cấp, được sống và làm việc trong môi trường đồng đội đoàn kết, thương yêu nhau, sẵn sàng giúp đỡ để tôi hoàn thành tốt nhiệm vụ là động lực để tôi thôi thúc bản thân, luôn cố gắng. Tôi sẽ phấn đấu, rèn luyện và học tập nhằm đạt được nhiều thành tích cao hơn nữa, góp phần vào thành tích chung của đơn vị."
South,TayNinh,spk_70_0003,1,South_TayNinh_spk_70_0003_70_0003.wav,"Trong công tác phối hợp giữ gìn trật tự ở địa phương, Ban chỉ huy quân sự xã là phối hợp rất tốt với lực lượng công an ở xã tổ chức tuần tra thường xuyên giữ gìn trật tự ở địa phương."
South,TayNinh,spk_70_0004,1,South_TayNinh_spk_70_0004_70_0005.wav,"Trong thời gian qua,thì đội cảnh sát đường thị đã tăng cường công tác tuần tra kiểm soát trong đó tập trung xử lý mạnh hai cái chuyên đề đó là phương tiện vận chuyển hàng hóa, hóa, vạch, mức nước, an toàn. Thứ hai nữa là cái người điều khiển, thường xuyên sử dụng cái nồng độ cồn. Thì trong thời gian qua,thì chỗ đường thủy thì cũng tăng cường kiểm tra và xử lý thì qua kiểm tra cũng lập biên bản xử lý nghiêm các trường hợp vi phạm."
South,TayNinh,spk_70_0005,1,South_TayNinh_spk_70_0005_70_0006.wav,Mới vi vi phạm quá tải nên cũng có báo chủ chuyến sau chạy giảm lại chút xíu. Anh cảnh sát cũng có cảnh cáo hoài à.
South,BenTre,spk_71_0001,1,South_BenTre_spk_71_0001_71_0001.wav,"Sau khi mà được ngành Văn hóa ở Trung tâm văn hóa tỉnh Bến Tre có sự quan tâm là đầu tiên là thành lập câu lạc bộ âm nhạc truyền thống, rồi sau đổi là thành câu lạc bộ đờn ca Tài tử."
South,BenTre,spk_71_0002,1,South_BenTre_spk_71_0002_71_0003.wav,Nghệ nhân ưu tú Minh Lời là vừa là tác giả vừa là thầy dạy đàn đã đào tạo ra rất là nhiều cái thế hệ học trò hiện nay ở Bến Tre đặc biệt là những cái tác phẩm của ông đã in thành sách trong đó có hai cái quyển sách về đờn ca tài tử nam bộ thì hiện nay là được hầu như là cái giới của đờn ca tài tử sử dụng rất là nhiều.
South,BenTre,spk_71_0003,0,South_BenTre_spk_71_0003_71_0005.wav,"Với tôi thì tôi thấy thầy rất là dễ gần gũi, với mọi người xung quanh rất là từ tốn."
South,BenTre,spk_71_0004,0,South_BenTre_spk_71_0004_71_0007.wav,Cô là một cán bộ về hưu thì cô tham gia với tuần lễ Áo Bà Ba này thì cùng với các chị cô đồng diễn bài Những Cô Gái Đồng Bằng Sông Cửu Long để hưởng ứng tốt cái ngày Tuần lễ áo bà Ba do Trung ương Hội phát động.
South,BenTre,spk_71_0005,0,South_BenTre_spk_71_0005_71_0009.wav,Hôm nay tham gia cái buổi tập dân vũ khoác trên mình chiếc áo bà ba với chiếc khăn rằn và chiếc nón lá Bản thân tôi thấy rất là tự hào về cái trang phục này Nó là cái gợi nhớ cho chúng tôi lại cái lịch sử vẻ vang hào hùng của dân tộc Việt Nam Trong đó có phụ nữ Bến Tre.
South,BaRiaVungTau,spk_72_0001,1,South_BaRiaVungTau_spk_72_0001_72_0001.wav,Thực hiện cái mục tiêu Ủy ban tỉnh giao cho ngành hội thao trong cái đại hội này và phải đạt từ tám đến mười vị trí và phải có thứ hạng từ hai mươi mốt đến ba mươi. Đây là mục tiêu quan trọng nhất cho nên công tác tổ chức của mười bảy môn đại hội là phải hết sức thận trọng phải chọn các lực lượng vận động viên mạnh nhất ở các địa phương để chúng ta tổ chức thi đấu để chúng ta tuyển chọn những hạt nhân và tiếp tục đào tạo huấn luyện để tham dự cái kỳ đại hội sắp đến.
South,BaRiaVungTau,spk_72_0002,1,South_BaRiaVungTau_spk_72_0002_72_0002.wav,"Đi làm thuê không biết được khi muốn nuôi mà không biết được cái muốn mua con dê mà mua. Thật sự là buồn. Đến ngày hôm nay thì được bao, nhiêu con đó cảm thấy rất chi là mừng. Để rồi gia đình cố gắng phần đầu lên đây chăn nuôi."
South,BaRiaVungTau,spk_72_0003,1,South_BaRiaVungTau_spk_72_0003_72_0003.wav,Mặt trận hỗ trợ cho tôi số vốn để mua chiếc xe đi làm và tôi thấy thu nhập của tôi ổn định hơn. Cái số hỗ trợ này quan tâm kịp thời đúng lúc và sau này tôi cũng muốn ngồi mặt trận nhân rộng cái hãng này ra cho những cái hộ khác.
South,BaRiaVungTau,spk_72_0004,0,South_BaRiaVungTau_spk_72_0004_72_0004.wav,Thời hè là tụi em có nhiều thời gian rảnh nên cái việc mà tụi em tham gia hoạt  động nhiều cũng nói chung là giúp cho mình cảm thấy thoải mái hơn trong cái dịp hè. Với lại là nếu mà tham gia được mấy hành động như này thì tụi em cũng cảm thấy rất vui khi mà có phần bảo vệ được môi trường biển của tỉnh mình.
South,BaRiaVungTau,spk_72_0005,1,South_BaRiaVungTau_spk_72_0005_72_0005.wav,Tổ chức đoàn chúng ta ra quân để thực hiện như là đội công trình đô thị thì các đơn vị triển khai thực hiện rất tốt và được cái sự công nhận của xã hội và đặc biệt là của người dân tại cái địa phương nơi mà mình ra quân thực hiện.
South,SocTrang,spk_83_0001,1,South_SocTrang_spk_83_0001_83_0001.wav,"Hiện nay cái nguồn, cái nguồn mà để mà tăng trưởng cho cái khu vực một này ở ba tháng cuối năm thì cũng còn, còn cơ bản là đảm bảo như đã báo cáo."
South,SocTrang,spk_83_0002,1,South_SocTrang_spk_83_0002_83_0005.wav,"Phương án một là tăng trưởng ở quý bốn, làm sao cố gắng làm sao giữ được cái mức tăng trưởng của quý ba, tức là trên mười phần trăm ở quý bốn. Thì báo cáo đồng chí, nếu như tăng trưởng ở quý bốn mà Sóc Trăng chúng ta tăng trưởng đạt khoảng mười phần trăm, thì tốc độ tăng trưởng cả năm là sáu phẩy năm. Kinh tế của tỉnh là sáu phẩy năm phần trăm. Và nếu như chúng ta tăng trưởng quý bốn đạt mười hai phần trăm tương đương với năm hai ngàn không trăm hăm hai thì tăng trưởng kinh tế của tỉnh Sóc Trăng đạt trên bảy phần trăm."
South,SocTrang,spk_83_0003,1,South_SocTrang_spk_83_0003_83_0009.wav,"Kết quả giải ngân như vậy thì cũng chưa đạt như mong muốn, chưa đạt theo cái kết quả mà các chủ đầu tư cam kết là tổng hợp từ đầu năm. Thì sở kế hoạch đầu tư cũng đề xuất một số giải pháp để tháo gỡ khó khăn và đẩy nhanh giải ngân giống đầu tư công."
South,SocTrang,spk_83_0004,1,South_SocTrang_spk_83_0004_83_0011.wav,hết sức tập trung là quý bốn này là phải tăng trưởng mười hai phần trăm để cả năm tăng trưởng trên bảy phần trăm từng cái lĩnh vực.
South,SocTrang,spk_83_0005,1,South_SocTrang_spk_83_0005_83_0014.wav,"Cái giá lúa năm nay là tăng hơn hồi năm rồi là tám trăm đồng, đến chín trăm, mà RVT hăm mốt. Lúa giờ tại ruộng là mua là giá bảy ngàn chín, năng suất lúa năm nay ở vùng này cũng thấy cũng đỡ. Khoảng một công khoảng tám trăm kí trở lên, lợi nhuận thì một công lợi được cỡ ba triệu."
South,TraVinh,spk_84_0001,1,South_TraVinh_spk_84_0001_84_0001.wav,"Cái niềm vui lớn nhất là khi học sinh mình tiếp thu được kiến thức, vận dụng kiến thức vào thực tiễn cuộc sống, các em tiến bộ từng ngày. Đó là cái niềm vui nhất của bản thân."
South,TraVinh,spk_84_0002,0,South_TraVinh_spk_84_0002_84_0004.wav,Về giảng bài thì thầy giảng rất là hay và rất là dễ hiểu. Và thầy rất là có tâm với mấy bạn. Trong lớp mình nếu như có mấy bạn làm toán yếu thì thầy cũng sẽ ôn cho mấy bạn những bài toán từ dễ đến khó. Nếu mấy bạn làm được là thầy sẽ tuyên dương mấy bạn cho các bạn phấn đấu hơn.
South,TraVinh,spk_84_0003,1,South_TraVinh_spk_84_0003_84_0005.wav,"Thầy Nguyện là một trong những giáo viên tiêu biểu nhất của trường. Thầy rất là giỏi về chuyên môn. Về mặt công tác, thầy luôn tiên phong gương mẫu, đi đầu trong các hoạt động của nhà trường."
South,TraVinh,spk_84_0004,0,South_TraVinh_spk_84_0004_84_0008.wav,"Những năm đầu khi ra trường, cơ sở vật chất, tài liệu để bồi dưỡng cho học sinh còn thiếu thốn rất nhiều. Đường xá đi lại gặp nhiều khó khăn, học sinh trình độ của các em không đồng đều."
South,TraVinh,spk_84_0005,1,South_TraVinh_spk_84_0005_84_0010.wav,"Cô Bùi Hồng Phượng công tác ở đơn vị mình thì nói chung là một trong những tấm gương sáng của nhà trường Cô có nhiều thành tích rất là nổi trội Đối với học sinh thì rất là tận tuỵ, nhiệt tình giúp đỡ các em luôn quan tâm đến những em có điều kiện khó khăn để hỗ trợ trong học tập"
North,VinhPhuc,spk_88_0001,1,North_VinhPhuc_spk_88_0001_88_0001.wav,"Công viên này sẽ cho các em học sinh của các trường trên địa bàn thành phố Vĩnh Yên là trải nghiệm là thực hành các trang thiết bị phòng cháy chữa cháy có sẵn như bình chữa cháy tay và hướng dẫn các em học sinh các kỹ năng thoát nạn trong đám cháy và các chương trình thực hành như là sử dụng lăng phun tiêu điểm, hộp chữa cháy tiêu điểm, các phương tiện chữa cháy như là xe thang, xe chữa cháy và các em trải nghiệm thoát nạn từ trên cao nhà cao tầng."
North,VinhPhuc,spk_88_0002,1,North_VinhPhuc_spk_88_0002_88_0002.wav,"Sau khi cho vay thì địa phương cũng phối hợp với các hội đoàn thể cũng như là ngân hàng chính sách của huyện tiếp tục kiểm tra các hộ sau khi được vay là có sử dụng đúng mục đích hay không. Thì qua kiểm tra thì các hộ cơ bản đến hiện tại đang sử dụng đúng mục đích sử dụng và có hiệu quả trong một cái sự kiện, mô hình sản xuất của mình. Và phát triển kinh tế của người dân cũng ngày càng được nâng cao hơn."
North,VinhPhuc,spk_88_0003,1,North_VinhPhuc_spk_88_0003_88_0003.wav,Đối với thị trấn thì quán triệt đến công chức là trực bộ vận một cửa là giải quyết thủ tục hành chính trên tinh thần là tuyên truyền vừa làm thủ tục và vừa tuyên truyền vận động nhân dân để nhân dân thực hiện cái việc dịch vụ công có nghĩa là trực tuyến làm hồ sơ trực tuyến.
North,VinhPhuc,spk_88_0004,1,North_VinhPhuc_spk_88_0004_88_0005.wav,"Đây nó có những cái khó khăn trong cái thực hiện cái nội dung về trao dịch một cửa của nhân dân thì nó có cái điểm cũng xấu. Có nhiều người dân thì cao tuổi cho nên là điện thoại thông minh không có, Cán bộ cũng phải hướng dẫn, nó cũng gặp nhiều cái khó khăn."
North,VinhPhuc,spk_88_0005,0,North_VinhPhuc_spk_88_0005_88_0007.wav,"Tất cả các thủ tục hành chính giải quyết thì được cán bộ công chức chuyên môn Bộ Phận một Cửa thực hiện, hướng dẫn công dân thực hiện trực tiếp để làm định danh điện tử, cái dịch vụ công trực tuyến mức độ ba đến mức độ bốn. Về cái chất lượng thì cũng đã đạt được chỉ tiêu mà cấp trên giao."
North,HungYen,spk_89_0001,1,North_HungYen_spk_89_0001_89_0001.wav,Nông nghiệp đã tự nguyện tháo dỡ. Qua thống kê đã tháo dỡ trên một nghìn mét vuông diện tích mái cũng như nhà tạm. Nếu các hộ gia đình mà tháo dỡ không triệt để cũng như các hộ gia đình không chấp hành tháo dỡ thì chúng tôi sẽ tổ chức giải tỏa và xử lý không có thời gian dừng.
North,HungYen,spk_89_0002,1,North_HungYen_spk_89_0002_89_0002.wav,"Xã đang tiến hành rà soát, phân loại và tiến hành triển khai các công việc tiếp theo theo ý kiến chỉ đạo của các quan chức năng cấp trên Hiện nay thì các trường hợp từ ba mươi sáu mét vuông trở lên thì trên xã chỉ còn khoảng độ hơn một trăm trường hợp chứ cũng không nhiều. Còn có thể họ xây một cái lều lán để làm những cái dụng cụ cất trong ý. Nhưng mà chúng tôi quyết định nếu từ trên ba mươi sáu mét vuông là cũng phải tiến hành tháo dỡ."
North,HungYen,spk_89_0003,0,North_HungYen_spk_89_0003_89_0003.wav,Các bạn đều rất thích những tiết học như thế này vì nó rất vui và sôi động và có thể hiểu bài sâu hơn ạ.
North,HungYen,spk_89_0004,0,North_HungYen_spk_89_0004_89_0004.wav,Với tiết dạy thì tôi đều có sự nghiên cứu kỹ về bài qua đó là có sự điều chỉnh trong tài liệu nếu nội dung nó chưa phù hợp thì điều chỉnh logo để cho tiết nó học cho các em thảo luận nhóm tốt hơn. Nếu những cái tiết mà có áp dụng theo pháp bàn tay nặn bột thì chúng tôi đều cho các em được thực tế làm các thí nghiệm để các em tự rút ra kiến thức cho chính bản thân mình.
North,HungYen,spk_89_0005,0,North_HungYen_spk_89_0005_89_0005.wav,"Với cái thời gian tiếp theo thì chúng tôi cũng làm sao duy trì tốt được mọi cái nề nếp của giáo viên cũng như là của học sinh. Và đồng thời là chúng tôi chủ động trong mọi việc sáng tạo trong công việc chỉ đạo cũng như là cho giáo viên phát huy được những cái mặt mạnh của mình để đổi mới trong phương pháp dạy và học theo hướng tích cực. hiệu quả nhất trong tất cả các môn học và đồng thời cho các em tự trải nghiệm, tự sáng tạo trong học tập để các em tiếp thu kiến thức một cách tự giác nhất."
North,HaNam,spk_90_0001,0,North_HaNam_spk_90_0001_90_0001.wav,Từ khi mà áp dụng vietgap thì con cá ăn là sạch sẽ và tuân thủ đúng quy trình vietgap thì con cá lớn nhanh hơn và sản phẩm bán ra thị trường tiêu thụ tốt hơn.
North,HaNam,spk_90_0002,1,North_HaNam_spk_90_0002_90_0002.wav,"Ngoài các cái điều kiện về cơ sở tầng vật chất ra thì người nuôi trồng thủy sản cũng cần phải có trình độ, năng lực, kỹ thuật kỹ nhất định ấy thì mới có thể ứng dụng được các công nghệ tiến bộ, kỹ thuật công nghệ mới cũng như là thực hành cái việc quản lý nuôi trồng thủy sản tốt áp dụng vào trong sản xuất của mình."
North,HaNam,spk_90_0003,1,North_HaNam_spk_90_0003_90_0004.wav,"Vận động nhiều lần, thậm chí người ta cũng sẽ có cái biên bản, người ta sẽ cam kết là thôi khi công trình đến thì họ sẽ di chuyển. Chính vì cái kết quả đó là cái điều rất thuận lợi cho địa phương. Đấy đúng đến thời điểm này thì đã bàn giao cái công trình cho cho cho nhà thầu để làm. Đấy là không còn vướng mắc gì cả."
North,HaNam,spk_90_0004,1,North_HaNam_spk_90_0004_90_0005.wav,"Con đường bốn chín năm B cũng toàn bộ khu tái định cư rồi thì dân hoàn toàn ủng hộ, nhất trí theo cái chủ trương của đảng và nhà nước mang lại những cái lợi ích sau này cho nhân dân thì dân hoàn toàn ủng hộ và nhất trí."
North,HaNam,spk_90_0005,1,North_HaNam_spk_90_0005_90_0006.wav,"Khối dân vận đảng ủy đã thực hiện tốt cái vai trò của mình trong công tác nắm tình hình cũng như là tuyên truyền vận động nhân dân, thực hiện các chủ trương đường lối của đảng, chính sách pháp luật của nước nước đặc biệt là trong cái công tác giải phóng mặt bằng đã phối hợp để làm tốt cái mô hình về dân vận chính quyền để thực hiện cái giải phóng mặt bằng thì đến thời điểm này thì các hộ dân trong địa bàn cũng thực hiện tốt theo cái chỉ đạo chung của đảng cũng như là cái vai trò của khối dân vận được phát huy."
South,BinhPhuoc,spk_93_0001,1,South_BinhPhuoc_spk_93_0001_93_0001.wav,"Đồng chí Kiên có tạo một tổ hợp tác bên sầu Riêng để cho anh em cùng giao lưu, chia sẻ kinh nghiệm."
South,BinhPhuoc,spk_93_0002,1,South_BinhPhuoc_spk_93_0002_93_0003.wav,Là một người con sinh ra và lớn lên tại vùng đất này thì sống từ nhỏ đến lớn. Xong thấy được cái sự khó khăn của bà con ở nơi đây thì tôi cũng tham gia vào công tác xã hội.
South,BinhPhuoc,spk_93_0003,0,South_BinhPhuoc_spk_93_0003_93_0005.wav,Tết này thì bà con rất là mừng vì có cái con đường rộng rãi. Xe cộ chạy qua chạy lại thì không có phải chờ phải đợi phải tránh như hồi xưa nữa. Bà con rất là phấn khởi. Năm nay thì ăn Tết thì chắc là vui hơn mọi năm.
South,BinhPhuoc,spk_93_0004,1,South_BinhPhuoc_spk_93_0004_93_0006.wav,"Đồng chí Kiên tuy là tuổi rất là trẻ Nhưng mà có một cái nhiệt huyết Tức là làm việc với dân Mọi lúc, mọi nơi Không nề hà, sớm khuya hay giữa đường Dân thắc mắc, vẫn giải đáp nghiêm túc."
South,BinhPhuoc,spk_93_0005,1,South_BinhPhuoc_spk_93_0005_93_0008.wav,"Chúng tôi như là người cao tuổi mà đi như thế là thể dục thể thao là thấy là tập thể dục đi bộ hàng ngày hàng đêm là chúng tôi đi bộ rất là thuận tiện tức là nó sáng tỏa. Bà con nói chung là phấn khởi yên tâm lao động sản xuất Nhiều nhà có điều kiện là mở rộng sản xuất mua sắm, ô tô mua sắm cả ô tô mua sắm như thế là các phương tiện trang thiết bị là đắt giá"
South,BacLieu,spk_94_0001,1,South_BacLieu_spk_94_0001_94_0001.wav,"Thực hiện công điện của Thủ tướng Chính phủ về đảm bảo trật tự an toàn giao thông trong dịp lễ hai tháng chín, Ủy ban Nhân dân tỉnh đã có văn bản chỉ đạo các sở ban ngành, các tổ chức chính trị xã hội thực hiện đồng bộ các giải pháp về đảm bảo trật tự an toàn giao thông trong dịp lễ."
South,BacLieu,spk_94_0002,1,South_BacLieu_spk_94_0002_94_0005.wav,"Tôi thấy an ninh trật tự ở đây vẫn ổn. Công an cũng sắp xếp an toàn. Sắp xếp xe cộ đậu cũng có nề nếp. Tôi đi lễ ở đây tôi cũng thấy tự tin hơn. Nói về tình hình giao thông thì tôi thấy cũng chạy có hàng ngũ đàng hoàng, cũng không có lạng lách gì hết trơn. Tốt!"
South,BacLieu,spk_94_0003,1,South_BacLieu_spk_94_0003_94_0006.wav,"Theo kế hoạch thời gian năm học của sở thì từ ngày hai mươi tám tháng tám năm hai không hai ba thì học sinh sẽ tựu trường, sẽ có gần một tuần để tổ chức các hoạt động tựu trường cho các em."
South,BacLieu,spk_94_0004,1,South_BacLieu_spk_94_0004_94_0011.wav,Trước mắt là tuyên truyền các cái khẩu hiệu là hành động thiết thực để khi các em học sinh đến trường có cái ý thức về cái kiến thức cơ bản về cái luật giao thông cũng như các hành vi phạm thường xảy ra để cho là các em nâng cao cái ý thức khi tham gia giao thông. Đặc biệt hơn nữa là cái kỹ năng lái xe.
South,BacLieu,spk_94_0005,1,South_BacLieu_spk_94_0005_94_0012.wav,"Đối với cảnh sát giao thông trật tự trật tự, thì phải làm tốt với công tác tuyên truyền. Vì như các đồng chí cũng biết là thời gian nghỉ lễ thì nó dài, do đó lưu lượng phương tiện tập trung về đông, người dân tập trung nghỉ lễ sẽ đông."
